Model,Throughput (logs/s),Total Tokens,Estimated Cost ($),Error Rate (%)
gemini-2.5-flash,0.18,145325,0.0883257,2.0618556701030926
gemini-2.5-pro,0.11,148351,0.3724175,0.0
gemma3_12b,0.12,145136,0.0,0.0
gpt-5,0.1,341596,2.31094,0.0
gpt-5-mini,0.13,277334,0.333664,0.0
gpt-5-nano,0.12,520277,0.16391,0.0
llama3.1_8b,0.16,144083,0.0,0.0
mistral_7b,0.14,178205,0.0,1.2886597938144329
o3,0.16,230481,1.08612,0.0
o4-mini,0.17,269000,0.7668496000000001,0.0
phi4_14b,0.09,144550,0.0,0.25773195876288657
